timestamp,left_iris_x,left_iris_y,right_iris_x,right_iris_y,iris_center_x,iris_center_y,gaze_screen_x,gaze_screen_y,left_ear,right_ear,blink,head_yaw,head_pitch,velocity,event
1772975122.023113,234.1419944763184,158.28306198120117,312.7819709777832,162.35512161254883,273.442273143743,160.13618685299193,0.0,43.03543980362704,0.3376,0.2929,0,0.12,7.99,,other
1772975122.134765,233.51018142700195,157.73716163635254,312.52489471435547,162.2629795074463,273.2241784357017,160.21086813339699,0.0,32.3725175406793,0.3348,0.307,0,-0.14,7.74,2.0646919862795636,fixation
1772975122.166615,233.4655876159668,157.86116981506348,311.7122573852539,162.02532863616943,273.05361263114986,160.28610299544647,0.0,24.56931472571369,0.3272,0.3121,0,-0.25,7.23,5.853090232894375,fixation
1772975122.215176,233.3342933654785,158.29859733581543,311.81512451171875,162.48278045654297,272.9220972345084,160.3535041995418,0.0,19.17784202555879,0.3386,0.3188,0,-0.94,7.48,3.0431972197167094,fixation
1772975122.272125,233.5224266052246,158.60443210601807,311.52978515625,162.11724758148193,272.8211537501981,160.40468450608435,0.0,15.750110107043163,0.3337,0.3226,0,-0.06,7.46,1.9873412838225222,fixation
1772975122.355063,234.0711441040039,158.93088054656982,311.99937438964844,162.66040992736816,272.74230368263983,160.43125667547557,0.0,13.838129636995369,0.3283,0.3175,0,-0.56,7.42,1.003244535807978,fixation
1772975122.428691,233.4482307434082,158.47380352020264,311.53723526000977,162.5764331817627,272.67706853625424,160.4248334681168,0.0,12.993911282243971,0.3295,0.3274,0,0.48,7.61,0.8902951511266464,fixation
1772975122.477872,234.12189865112305,158.5772523880005,311.66855239868164,162.83961868286133,272.61696981546385,160.37702764441036,0.0,12.769465709617567,0.3265,0.3188,0,-0.54,7.68,1.5614484921607488,fixation
1772975122.545816,232.60680389404297,158.8032932281494,311.465087890625,162.21115493774414,272.54245285485507,160.2502183473451,0.0,13.523158786312093,0.3284,0.3312,0,-0.06,7.3,2.1647647729386477,fixation
1772975122.609331,233.6436309814453,158.08367156982422,311.54056549072266,161.34165287017822,272.44782333396324,160.06283800803513,0.0,13.201491597999887,0.329,0.3134,0,-0.36,7.72,3.305038690312586,fixation
1772975122.675528,232.8604507446289,157.10569953918457,311.0614776611328,160.88370895385742,272.35200244554517,159.80540982809683,0.0,9.755006035116875,0.3475,0.3129,0,-1.0,8.02,4.149472637084826,fixation
1772975122.765462,233.27802658081052,156.95033740997314,311.1891250610352,161.12707042694092,272.2244005815446,159.50159926379655,0.0,5.516938009629294,0.3584,0.3287,0,-1.55,7.57,3.6640198230375396,fixation
1772975122.818586,232.37559127807617,156.3626890182495,311.0228958129883,160.26751041412354,272.05728759693227,159.14796261835593,0.0,0.1597631905746122,0.3528,0.3254,0,-0.42,7.94,7.362630382553413,fixation
1772975122.881686,233.02624130249023,156.49297428131104,310.1296501159668,159.95967864990234,271.87514215210217,158.79636493759273,0.0,-1.68107284911669,0.3473,0.3191,0,-1.68,7.43,6.275404236373072,fixation
1772975122.950978,232.489933013916,156.39165115356445,310.3755912780762,159.56422805786133,271.6762116115269,158.4594274627993,0.0,-3.0644116013103924,0.3689,0.3309,0,-0.8,7.55,5.646825719793566,fixation
1772975123.005986,232.61837005615237,156.27422904968262,309.81520080566406,159.86844635009766,271.4997768131689,158.17084986246323,0.0,-1.1642203011793197,0.3589,0.3244,0,-0.13,7.95,6.148930351318953,fixation
1772975123.075449,232.80613327026367,155.66422176361084,310.12038803100586,159.29399585723877,271.30107518468105,157.93414427929775,0.0,0.0,0.3565,0.3228,0,-0.94,7.91,4.449129506065356,fixation
1772975123.158275,231.53266143798828,155.6156644821167,309.2702941894531,158.9549789428711,271.1084074397727,157.743527957355,0.0,0.0,0.3679,0.3327,0,-0.79,7.43,3.272245125404896,fixation
1772975123.222408,231.5595474243164,155.4580192565918,309.4112205505371,158.8238182067871,270.94092915464523,157.5727750678483,0.0,0.0,0.3697,0.3396,0,-1.08,7.77,3.729377105809606,fixation
1772975123.296405,231.16653442382807,155.69698905944824,309.7543754577637,159.0893497467041,270.78819578602383,157.4328484572917,0.0,0.0,0.3664,0.3125,0,-0.67,7.76,2.799300541103141,fixation
1772975123.344216,231.92021942138672,155.62285709381104,309.4647636413574,158.8593635559082,270.65960049809695,157.31657495621323,0.0,0.0,0.3753,0.3173,0,-1.24,7.54,3.6260974107337156,fixation
1772975123.424808,231.3584327697754,155.34263706207275,309.5553665161133,158.83381462097168,270.55768721119244,157.22177879433022,0.0,0.0,0.3696,0.31,0,0.07,7.79,1.7270416427782902,fixation
1772975123.472693,231.47127151489255,155.108247756958,308.84747314453125,158.75924491882324,270.469325348249,157.14755504336492,0.0,0.0,0.3807,0.3219,0,-0.27,7.6,2.4099275243907217,fixation
1772975123.567588,231.2315788269043,155.17959308624268,309.2855567932129,159.07719039916992,270.38937610875735,157.08929228938158,0.0,0.0,0.3753,0.3352,0,-1.33,7.27,1.0424812055849402,fixation
1772975123.616254,231.3188591003418,155.13412857055664,310.0365104675293,158.59680461883545,270.3477974299222,157.03660364067412,0.0,0.0,0.3732,0.3203,0,-0.56,7.54,1.3791641823195442,fixation
1772975123.69559,231.1280212402344,155.22080326080322,308.6200866699219,158.59311962127686,270.295783814576,156.98842875909529,0.0,0.0,0.3764,0.3163,0,-0.36,7.68,0.8936171731209147,fixation
1772975123.74409,232.03337478637692,155.42714595794678,308.9828109741211,158.8022804260254,270.2472558295729,156.94538761984018,0.0,0.0,0.3732,0.3165,0,-0.46,7.56,1.3374268416147992,fixation
1772975123.80737,231.23118591308597,154.92066478729248,308.9641227722168,158.66438484191897,270.2036228277993,156.91273062188645,0.0,0.0,0.3755,0.3294,0,0.28,7.54,0.8612632987360678,fixation
1772975123.873319,231.09442138671875,155.32945346832275,308.7131881713867,158.33023166656494,270.1907671415044,156.89556957114877,0.0,0.0,0.3884,0.3127,0,-1.07,7.53,0.3251340846238794,fixation
1772975123.947381,231.13924026489255,154.9020652770996,309.04837799072266,158.43682765960693,270.20178395544156,156.91794228547445,0.0,0.0,0.3767,0.3247,0,-0.78,7.55,0.33671865957491837,fixation
1772975124.014795,231.13094329833984,155.41326999664307,309.3944206237793,158.78325176239014,270.22368757319356,156.95148511524667,0.0,0.0,0.3754,0.3075,0,-0.95,7.44,0.5942541634809895,fixation
1772975124.078434,231.5058364868164,155.51555728912354,308.98514556884766,158.6423406600952,270.2606201492563,156.99697320054707,0.0,0.0,0.363,0.3163,0,-0.45,7.61,0.920715631671224,fixation
1772975124.145426,231.451286315918,155.06533813476562,309.3563652038574,159.17728328704834,270.3215709391936,157.0491206974349,0.0,0.0,0.3701,0.3269,0,-0.35,7.74,1.1973729806697975,fixation
1772975124.226901,231.19379806518555,155.36842346191406,309.6268730163574,158.81453132629397,270.3512909314754,157.11214668159982,0.0,0.0,0.3755,0.3247,0,-0.95,7.4,0.8552534991121981,fixation
1772975124.292414,231.52982330322263,155.8409070968628,309.5618133544922,159.17053699493408,270.3643078640583,157.17822788529227,0.0,0.0,0.3631,0.3381,0,-1.43,7.85,1.0280581377926534,fixation
1772975124.368921,231.1603164672852,155.9174737930298,309.6276626586914,159.45023918151855,270.3181017763809,157.23982566200135,0.0,0.0,0.3717,0.3352,0,-0.36,7.84,1.0064671482285241,fixation
1772975124.419092,231.0572166442871,155.22933769226074,309.41243743896484,158.94259929656982,270.1920393895662,157.29360328977873,0.0,0.0,0.3737,0.3227,0,-0.63,7.52,2.731740057604163,fixation
1772975124.527827,230.88689041137692,155.6932725906372,308.9456253051758,158.86411571502686,270.0108410913416,157.33205950084596,0.0,0.0,0.3657,0.319,0,-1.15,7.74,1.703536500816562,fixation
1772975124.629961,230.29755783081052,156.0261812210083,308.48643493652344,159.01104354858398,269.78414591874144,157.36195040927635,0.0,0.0,0.3587,0.3217,0,-0.9,7.6,2.2387974508370374,fixation
1772975124.718582,229.63790130615237,155.92169952392578,308.2967109680176,158.9432773590088,269.52720963470404,157.3356104719527,0.0,0.0,0.3644,0.3161,0,-1.33,7.67,2.9144691292839653,fixation
1772975124.829898,229.47333908081052,155.68635749816897,307.53831481933594,158.8604965209961,269.22605096312753,157.40361542988808,0.0,0.0,0.3637,0.3258,0,-1.05,7.54,2.7735526041348315,fixation
1772975124.927981,228.83373260498047,156.31645488739014,307.4358444213867,158.97791862487793,268.89291922017355,157.49823576823297,0.0,0.0,0.3617,0.3153,0,-1.67,8.01,3.53078053584185,fixation
1772975125.004237,228.9425926208496,156.03651809692383,307.2309112548828,159.109637260437,268.53221507782195,157.61340389173012,0.0,0.0,0.3717,0.3166,0,-1.92,7.74,4.9654280380297875,fixation
1772975125.124006,228.63412475585935,156.2412042617798,307.58135986328125,159.1208095550537,268.188297686499,157.7342013538182,0.0,0.0,0.3672,0.3154,0,-1.25,7.33,3.0434814137675765,fixation
1772975125.228925,228.4605026245117,156.01626205444336,306.80301666259766,159.2365665435791,267.89287684544314,157.82382766029082,0.0,0.0,0.3751,0.3213,0,-0.88,8.01,2.942435495029816,fixation
1772975125.327601,227.94792556762692,157.0671100616455,306.7299156188965,158.9318733215332,267.65152138913845,157.86585052449828,0.0,0.0,0.3387,0.3152,0,-2.09,7.56,2.482737118308385,fixation
1772975125.422406,226.584774017334,158.09166526794434,306.6177749633789,161.86989784240723,267.455158757937,157.8826223543948,0.0,0.0,0.3273,0.2256,0,-0.25,7.8,2.0787678630168793,fixation
1772975125.519851,227.6130599975586,155.8888807296753,305.92431259155273,158.61462020874023,267.2867777908923,157.86818313758823,0.0,0.0,0.3562,0.2876,0,-0.28,7.97,1.7343005662792612,fixation
1772975125.647351,227.47703170776367,155.77214527130127,305.89620208740234,158.98692512512207,267.15543442391845,157.8119838857125,0.0,0.0,0.3692,0.3028,0,-0.99,7.43,1.1204826125691731,fixation
1772975125.730036,228.08965301513672,155.78423309326172,306.6437873840332,158.63834953308103,267.0538021494202,157.7255677882655,0.0,0.0,0.3531,0.3074,0,-1.77,7.61,1.6134109785009367,fixation
1772975125.824369,227.87115859985352,155.95895862579346,306.52385330200195,158.5482816696167,266.98111649376426,157.61063302117407,0.0,0.0,0.3524,0.3129,0,-1.52,7.48,1.4415932990010585,fixation
1772975125.918555,227.6819648742676,155.61596775054932,306.1872215270996,158.43848705291748,266.94336424545315,157.47415452562552,0.0,0.0,0.3711,0.3214,0,-0.9,7.44,1.5034465104679176,fixation
1772975126.017014,227.57241821289065,156.0783748626709,306.13331604003906,158.65477180480957,266.9295831536758,157.32455910491694,0.0,0.0,0.359,0.3069,0,-1.21,8.04,1.5258010461918603,fixation
1772975126.115675,227.52142715454104,155.73807621002197,306.1089096069336,158.5779161453247,266.9499362660937,157.18226590199075,0.0,0.0,0.3733,0.3169,0,-1.27,8.09,1.4569235057363377,fixation
1772975126.206693,227.78965759277344,155.8211259841919,306.5553131103516,158.32350540161133,266.97195424680905,157.15389035845968,0.0,0.0,0.3743,0.3227,0,-1.42,7.72,0.3946040270945727,fixation
1772975126.31568,227.81223678588867,155.43642139434814,306.06925201416016,158.5065879821777,267.0064740211599,157.11534801302605,0.0,0.0,0.3699,0.3172,0,-0.26,7.67,0.47474394635467004,fixation
1772975126.42717,227.4583168029785,155.48711585998535,306.2865219116211,158.6562566757202,267.0367254203952,157.08719009177196,0.0,0.0,0.3823,0.3038,0,-1.26,7.75,0.3706892299301599,fixation
1772975126.526123,227.7137680053711,155.64301013946533,306.3831100463867,158.37298965454102,267.10266050977293,157.05305333528088,0.0,0.0,0.365,0.3203,0,-1.08,7.42,0.7503351801543885,fixation
1772975126.617707,228.27885055541992,155.59507369995117,306.49666595458984,158.46571826934814,267.19380306093717,157.0135997160016,0.0,0.0,0.3681,0.3163,0,-1.63,7.8,1.0844192855436452,fixation
1772975126.706878,228.3822021484375,155.37821102142334,307.03073501586914,158.20677280426025,267.27960226229555,156.95189375678,0.0,0.0,0.3693,0.3084,0,-1.03,7.68,1.1851855050760591,fixation
1772975126.832883,228.5836334228516,155.07909965515137,306.67782974243164,158.27097415924072,267.3540338499377,156.88470735046275,0.0,0.0,0.3631,0.3164,0,-0.96,7.69,0.7957625484391618,fixation
1772975126.910423,228.5294303894043,155.11935138702393,306.78376388549805,158.45202541351318,267.42916682681664,156.7993523023778,0.0,0.0,0.3592,0.3003,0,-0.9,7.82,1.4664933741203934,fixation
1772975127.022511,228.53153228759768,154.88801765441897,306.59703826904297,158.5884017944336,267.525840666877,156.67730914793387,0.0,0.0,0.3801,0.3161,0,-0.7,7.78,1.38902663693996,fixation
1772975127.13905,228.4782257080078,154.77183151245117,307.07586669921875,157.88007259368896,267.6528053896144,156.5288891645063,0.0,0.0,0.3747,0.3004,0,-1.08,7.51,1.675975340385942,fixation
1772975127.229925,228.62385177612305,154.68518543243408,306.77488708496094,157.7364377975464,267.773038147265,156.37775714707232,0.0,0.0,0.3759,0.3129,0,-1.1,7.61,2.125160847440931,fixation
1772975127.329333,228.49161529541016,154.31221675872803,306.93307876586914,157.67445373535156,267.8857413427672,156.2438101324704,0.0,0.0,0.3618,0.317,0,-1.6,7.48,1.7609596764702409,fixation
1772975127.414815,229.1166763305664,154.35798454284668,307.2526969909668,157.35357570648193,267.99423219835865,156.03685829988683,0.0,0.0,0.3644,0.3192,0,-2.07,7.27,2.73350308359112,fixation
1772975127.518816,229.6123924255371,154.06039237976074,307.6229858398437,157.28819847106934,268.1210556382964,155.97553116476828,0.0,0.0,0.3637,0.3196,0,-0.96,7.48,1.3545344734133227,fixation
1772975127.620745,229.70136642456052,154.09530544281006,307.6848335266113,157.0898208618164,268.2471420991171,156.01207682388855,0.0,0.0,0.3827,0.3232,0,-1.33,7.56,1.2879164628557813,fixation
1772975127.714944,229.47759628295896,154.5030870437622,308.2369079589844,157.61636066436768,268.36354385246005,156.1124762431459,0.0,0.0,0.3624,0.3192,0,-1.09,7.34,1.631850720276531,fixation
1772975127.835953,229.22341918945312,154.6773862838745,307.34518814086914,157.79281997680664,268.4378390405785,156.01289304838917,0.0,0.0,0.3636,0.3158,0,-1.17,7.53,1.0267331395827035,fixation
1772975127.91782,229.47266387939453,154.53040409088135,307.69348526000977,158.173264503479,268.52394859269634,156.20689442919692,0.0,0.0,0.3533,0.309,0,-1.48,7.29,2.5926586020898905,fixation
1772975128.012624,229.45267486572263,154.7634630203247,307.7571601867676,157.7288990020752,268.6012477190922,156.54736937048546,0.0,0.0,0.3415,0.3192,0,-1.64,7.63,3.682748088929735,fixation
1772975128.221946,228.8189239501953,155.65152168273926,308.42140197753906,158.34537506103516,268.65877231073983,156.90745686108124,0.0,0.0,0.3223,0.2815,0,-0.31,7.63,1.7420692107128761,fixation
1772975128.321702,229.31856155395508,154.8367280960083,307.81936264038086,158.0447244644165,268.72817510571866,156.8348581370447,0.0,0.0,0.3568,0.2984,0,-0.89,7.32,1.006813243845258,fixation
1772975128.43248,229.3499526977539,154.4595022201538,308.02167892456055,157.7823371887207,268.8234840220347,157.16509129545196,0.0,0.0,0.3531,0.3132,0,-1.19,7.34,3.1027045458439453,fixation
1772975128.541975,229.4837875366211,154.5849666595459,308.1520233154297,157.5935583114624,268.8964330985489,157.6468940010705,0.0,0.0,0.3489,0.3176,0,-1.78,7.47,4.450379538370676,fixation
1772975128.70579,228.47932052612305,157.78263473510742,308.0368232727051,161.95062160491943,268.9353695885226,158.1337506815067,0.0,0.0,0.2993,0.2365,0,0.23,7.41,2.9814797946793767,fixation
1772975128.82183,229.81393432617188,154.48620700836182,308.203727722168,158.01563358306885,268.9140161568497,158.52282300831558,0.0,0.0,0.3479,0.291,0,-0.38,7.4,3.3579617776667785,fixation
1772975128.928286,229.9859313964844,154.26202297210693,308.10783767700195,157.53380012512207,268.84647013388565,158.76998478377965,0.0,0.0,0.3733,0.3173,0,-0.96,7.17,2.4068648880990735,fixation
1772975129.024328,229.9798393249512,154.95621299743652,308.0240364074707,157.64583492279053,268.74997327866555,158.8405220997783,0.0,0.0,0.3554,0.3217,0,-1.21,7.49,1.2445492000497458,fixation
1772975130.114885,228.45580291748047,156.65341186523438,306.03631591796875,159.30240154266355,268.63801990217905,158.89394138027185,0.0,0.0,0.2952,0.2529,0,0.14,7.38,0.1137446766583864,fixation
1772975130.21259,228.3509330749512,155.41033458709717,306.6164360046387,157.69372272491455,268.5063147031234,158.7628493106585,0.0,0.0,0.338,0.2826,0,-0.4,7.26,1.9019134197811576,fixation
1772975130.319185,228.64642333984372,154.47886848449707,306.8229064941406,157.72486209869385,268.34880405631793,158.43264452244685,0.0,0.0,0.3561,0.3144,0,-0.99,7.48,3.432130296896374,fixation
1772975130.417811,228.7946319580078,154.65957069396973,307.17232513427734,157.34325313568115,268.17613545581594,157.89902800928442,0.0,0.0,0.3505,0.3023,0,-0.72,7.64,5.686715297884348,fixation
1772975130.517192,228.75389862060547,154.61106777191162,307.2032623291016,157.82379627227783,268.0376970618017,157.63788466072722,0.0,0.0,0.3675,0.3247,0,-1.02,7.25,2.974100637254498,fixation
1772975130.631909,228.88626098632807,154.57298755645752,307.33272552490234,157.57603454589844,267.9076013133927,157.2604889275927,0.0,0.0,0.3563,0.3135,0,-0.63,7.71,3.4797781497597975,fixation
1772975130.704138,228.72742462158203,154.40246772766113,306.99256896972656,157.1925630569458,267.7892445258546,156.73583567795467,0.0,0.0,0.3608,0.3093,0,-1.42,7.75,7.446269196569897,fixation
1772975130.802158,228.57156372070312,154.6756067276001,306.8723449707031,157.5676145553589,267.7118221653541,156.08156233993,0.0,0.0,0.3635,0.3107,0,-0.57,7.73,6.72146216368985,fixation
1772975130.917658,228.2658576965332,154.7004919052124,306.47515869140625,157.75994396209717,267.66720869225185,156.07550600592046,0.0,0.0,0.3672,0.299,0,-0.12,7.94,0.38980679043581645,fixation
1772975131.024516,228.1167221069336,154.74822807312012,306.7262878417969,157.69874668121338,267.62634789598815,156.07813487030967,0.0,0.0,0.3662,0.3189,0,-0.91,7.56,0.3831745858447604,fixation
1772975131.137789,228.1365623474121,154.8578338623047,306.5037078857422,157.7358112335205,267.5841569322509,156.0792708659261,0.0,0.0,0.366,0.3208,0,-0.88,7.53,0.37260679621397486,fixation
1772975131.207306,228.46355056762692,154.63271141052246,306.2324676513672,157.4967384338379,267.5720188361962,156.07603898418571,0.0,0.0,0.3573,0.3037,0,-1.15,7.46,0.18068971915876417,fixation
1772975131.343931,228.50402450561523,154.2187843322754,306.4786376953125,157.5471153259277,267.5785781989561,156.0843549026937,0.0,0.0,0.3644,0.31,0,-1.1,7.8,0.07752234060838835,fixation
1772975131.413389,228.7824821472168,154.48408126831055,307.3010063171387,157.5196294784546,267.6061546140847,156.09688490011874,0.0,0.0,0.3572,0.3172,0,-1.18,7.41,0.43608498125854517,fixation
1772975131.518807,228.95672607421875,154.64203262329102,307.3676986694336,157.52192401885986,267.6636750972547,156.1150469323596,0.0,0.0,0.3693,0.3036,0,-1.08,7.17,0.5721955668646371,fixation
1772975131.618585,228.83123016357425,154.7431411743164,307.3648223876953,157.6474542617798,267.769972193214,156.13262372424538,0.0,0.0,0.3601,0.3206,0,-1.21,7.46,1.0798003041395892,fixation
1772975131.715297,228.64839553833008,154.8799924850464,307.2167854309082,157.86695766448975,267.94531267599336,156.1840285533234,0.0,0.0,0.3563,0.3193,0,-1.17,7.67,1.8893273763561855,fixation
1772975131.814604,229.08208847045896,154.88309955596924,307.77727127075195,157.9255428314209,268.1910586499109,156.27535404760346,0.0,0.0,0.3638,0.3134,0,-1.22,7.63,2.6399613144682093,fixation
1772975131.919813,229.2722511291504,154.9530258178711,307.3941879272461,158.17639446258545,268.51967864366424,156.4345932949109,0.0,0.0,0.3599,0.3159,0,-1.04,7.3,3.4708933513550915,fixation
1772975132.006449,229.5922889709473,155.3772897720337,308.2273292541504,158.03573513031006,268.8934389949332,156.62459733290504,0.0,0.0,0.3509,0.3133,0,-1.17,7.64,4.839590913422263,fixation
1772975132.110062,230.74109649658203,155.29731845855713,308.9782180786133,158.74976062774658,269.28389383742996,156.8120940327235,0.0,0.0,0.3428,0.317,0,-1.63,7.35,4.180364579831849,fixation
1772975132.223862,231.4022331237793,155.410906791687,309.8202819824219,158.42359828948975,269.7186735335725,156.97050650701001,0.0,0.0,0.323,0.3145,0,-1.54,7.75,4.066250939478363,fixation
1772975132.320544,232.15878677368164,156.14378356933594,310.3097305297852,159.3127326965332,270.12036606947436,157.06109674619103,0.0,0.0,0.3266,0.3216,0,-1.72,7.1,4.259123359093695,fixation
1772975132.417156,231.84234619140625,155.67335987091064,310.4318161010742,159.62887573242188,270.39858198365664,157.1124750602429,0.0,0.0,0.3286,0.3212,0,-1.07,7.53,2.9284172212760096,fixation
1772975132.52766,232.27636337280276,155.77583599090576,310.31858825683594,159.64682292938232,270.5017305057315,157.1288929506314,0.0,0.0,0.33,0.3226,0,-1.35,7.49,0.945187777559197,fixation
1772975132.627902,231.1492500305176,155.32976818084717,309.75613021850586,158.5248613357544,270.40800505709274,157.08142943248583,0.0,0.0,0.3312,0.3231,0,-1.33,7.98,1.048045231811004,fixation
1772975132.713817,230.7884292602539,155.01495265960693,309.51437759399414,158.36614608764648,270.1540276240227,157.03168897423467,0.0,0.0,0.3534,0.3249,0,-1.56,7.62,3.012312032280152,fixation
1772975132.81557,230.58246231079104,154.6767225265503,308.7373046875,158.14408206939697,269.74889169609787,156.9986943365529,0.0,0.0,0.3628,0.3249,0,-0.82,7.9,3.9947355445048363,fixation
1772975132.926403,228.64359664916992,154.7960729598999,306.89842987060547,158.08893871307373,269.2878889166735,157.00171317112108,0.0,0.0,0.3657,0.3194,0,-0.62,7.71,4.159527905801273,fixation
1772975133.024841,228.2291641235352,155.99259281158447,306.0015182495117,158.59631824493408,268.8418250895729,157.033329988584,0.0,0.0,0.3252,0.309,0,-1.05,7.35,4.542786376332235,fixation
1772975133.124288,228.4094467163086,155.57195663452148,306.13724517822266,158.65971279144287,268.4686463166474,157.13843767063517,0.0,0.0,0.3535,0.3287,0,0.0,7.77,3.8985421113197116,fixation
1772975133.207165,228.33119583129883,155.64159679412842,306.3389663696289,159.04044914245603,268.1707894658598,157.32205040991857,0.0,0.0,0.3508,0.3204,0,-0.08,7.32,4.221963470900624,fixation
1772975133.32788,229.2297248840332,156.9419460296631,307.4688529968262,160.36935710906982,267.8713872937809,157.5898661156983,0.0,0.0,0.3327,0.3013,0,-0.43,7.3,3.3277167751936,fixation
1772975133.43153,228.55269622802732,156.9472360610962,307.2518730163574,159.91892623901367,267.6770437972173,157.8789084000096,0.0,0.0,0.3278,0.2977,0,-0.63,7.55,3.3603712676651862,fixation
1772975133.508328,229.33588409423828,156.56061172485352,308.19278717041016,160.45958805084229,267.6581550507179,158.1526223762648,0.0,0.0,0.3328,0.3118,0,0.0,7.37,3.5725550747829806,fixation
1772975133.617085,229.21373748779297,156.56236267089844,307.9439239501953,160.70132160186768,267.91326323986203,158.34705626321184,0.0,0.0,0.3438,0.3219,0,-0.13,7.07,2.9492945905666184,fixation
1772975133.735362,229.09283447265625,157.13197231292725,307.7488670349121,160.49004364013672,268.40857134999993,158.4650456951129,0.0,0.0,0.343,0.3117,0,-0.48,7.33,4.304871374263866,fixation
1772975133.816379,229.09507751464844,157.05783462524414,307.5341110229492,160.68062496185303,269.1118857627875,158.53991887315425,0.0,0.0,0.3439,0.3075,0,-0.45,7.31,8.730123838046355,fixation
1772975133.920562,229.31886291503903,156.79878330230713,308.3049659729004,160.50366497039795,269.9839560788132,158.53526446800714,0.0,-0.06707037849838018,0.3325,0.3082,0,-0.75,7.16,8.370685075128193,fixation
1772975134.016697,234.68900680541992,156.31208896636963,311.8539695739746,160.0786657333374,270.9741770226708,158.46639034598869,0.0,-0.011178396416396742,0.318,0.3055,0,-1.66,6.67,10.325212682271582,fixation
1772975134.141633,236.00544357299805,156.2077875137329,313.07370376586914,159.77734565734863,272.04459817231793,158.37221268739148,0.0,-1.5272892340241777,0.3087,0.3134,0,-1.54,6.87,8.600845501293746,fixation
1772975134.223803,238.1799964904785,155.7617597579956,314.8779106140137,159.7065782546997,273.1329516062932,158.26468593965356,0.0,-1.688763364910445,0.2992,0.3122,0,-0.1,7.43,13.309627618193662,fixation
1772975134.312821,238.2088394165039,156.91170501708984,315.7043533325196,159.62615203857422,274.20788651713616,158.15382699829928,0.0,-0.48535695660905276,0.3214,0.3187,0,1.28,7.13,12.139543473010434,fixation
1772975134.416247,238.37455368041992,156.02927684783936,315.50021743774414,159.8973684310913,275.1907678778027,158.0391870178908,0.0,0.8024794902338497,0.3004,0.3093,0,0.84,7.44,9.567657864089124,fixation
1772975134.527831,238.05347442626956,155.92440605163574,315.4450759887696,159.4511947631836,276.01361428713085,157.93021636701494,0.0,2.255593546161328,0.3181,0.3147,0,0.93,7.21,7.438604314603968,fixation
1772975134.618783,237.9904899597168,156.1462526321411,315.64306640625,159.6385374069214,276.5919848251127,157.84691578175745,0.0,4.426820491305801,0.3202,0.317,0,0.92,7.16,6.424696578951422,fixation
1772975134.719235,237.82862091064453,155.9260082244873,315.4653015136719,159.07118797302246,276.8724883287747,157.80487035683876,0.0,8.909725161835153,0.3076,0.3184,0,0.02,7.04,2.823610307025358,fixation
1772975134.813716,238.7316856384277,155.90779209136963,315.9011459350586,160.10513877868652,277.0049675755705,157.7912259571812,0.0,14.370777101716111,0.3045,0.3203,0,0.71,6.85,1.409596029728678,fixation
1772975134.929158,238.41497802734372,155.82191562652588,315.5606155395508,159.6546220779419,277.02445072897865,157.8007640116862,0.0,19.883721546881723,0.3184,0.3163,0,0.38,6.95,0.18790879023832427,fixation
1772975135.023336,238.64841079711917,155.61574459075928,315.5585632324219,159.53261947631836,277.00276966936667,157.81677464948902,0.0,23.605835504759384,0.3107,0.3146,0,0.28,7.31,0.28618132085016734,fixation
1772975135.123213,238.30266189575195,155.82053089141846,316.0056495666504,159.7051649093628,276.9285306670351,157.8711537255803,0.0,25.53711897534909,0.3131,0.3374,0,0.1,7.22,0.921377457142934,fixation
1772975135.214705,238.10325622558597,156.18651008605957,315.4296340942383,160.07307529449463,276.8086781750433,157.938802572032,0.0,25.677571958650848,0.3176,0.3257,0,0.04,7.42,1.5042446282344817,fixation
1772975135.326364,237.95195388793945,156.52439403533936,314.9111518859863,160.20441341400146,276.6382637023822,157.92492595529907,0.0,22.124816879485827,0.313,0.3298,0,-0.28,7.26,1.5312553363758237,fixation
1772975135.423736,237.26158142089844,156.6306610107422,314.56311798095703,159.92237663269043,276.66821401117016,157.99876410943892,0.0,20.400484661248548,0.3213,0.3302,0,-0.17,7.16,0.8183169419272376,fixation
1772975135.523727,237.21409606933597,156.94615745544434,314.3707275390625,159.57873630523682,276.5769793022837,158.17075305593775,0.0,16.582955782778726,0.3302,0.3192,0,-0.03,7.51,1.9470724485949993,fixation
1772975135.615675,236.54749298095703,156.74373149871826,313.8632202148437,159.6481590270996,276.3152575176212,158.34260917476118,0.0,13.805977803882286,0.3217,0.3182,0,0.01,7.21,3.4052053232527384,fixation
1772975135.713295,235.99957275390625,156.59104442596436,313.6062889099121,159.8415412902832,275.8016689351374,158.45114665450657,0.0,10.588108593371953,0.3094,0.3201,0,0.07,7.24,5.377299278643971,fixation
1772975135.824469,236.35503768920896,156.52636814117432,313.6734733581543,159.50765991210938,275.00919072657086,158.4667013178834,0.0,6.551979245964981,0.3287,0.3203,0,-0.24,7.11,7.1296354035880585,fixation
1772975135.910217,235.895206451416,156.5797004699707,313.5536003112793,159.6020965576172,273.9483042993651,158.3971851389786,0.0,3.148321152917364,0.3257,0.3323,0,-0.61,7.01,12.39868094894871,fixation
1772975136.014952,236.7607078552246,160.00749492645264,312.06452560424805,161.60973072052002,272.58262835903605,158.25434178550773,0.0,1.4309910079161066,0.2431,0.2654,0,-1.11,7.38,13.11049159447686,fixation
1772975136.213609,229.02558135986328,155.56938457489014,307.3181037902832,157.4505443572998,270.97268594809987,158.06433503715039,0.0,1.9653616407409242,0.3272,0.3125,0,-0.77,7.18,8.160375530011255,fixation
1772975136.319679,226.49434280395508,154.73589992523193,304.6796989440918,157.02910709381104,269.1632749893703,157.88295500978552,0.0,2.645822637551123,0.3511,0.3045,0,-0.2,7.63,17.144136154165757,fixation
1772975136.415216,224.47866439819336,155.7447853088379,302.94357681274414,156.71245193481445,267.30672200535514,157.7435530814021,0.0,2.9755136432284104,0.3361,0.3007,0,-2.94,7.35,19.487531032746965,fixation
1772975136.50892,223.32806396484372,156.12007427215576,301.26436614990234,156.3815746307373,265.5263249397102,157.52461366496652,0.0,2.1218826800071455,0.3168,0.2947,0,-2.61,7.4,19.143351111312633,fixation
1772975136.628362,221.9642372131348,155.62335777282715,300.41106033325195,156.6552858352661,263.96631309137433,157.05465996137303,0.0,1.024357155865518,0.3361,0.3052,0,-2.65,7.15,13.640610649587694,fixation
1772975136.706964,221.0553855895996,154.86861991882324,299.1283988952637,156.58766841888428,262.78205494581545,156.2768766790972,0.0,-0.31706292919647167,0.3579,0.3025,0,-1.94,7.46,18.02538214094153,fixation
1772975136.819032,221.68614196777344,154.99115753173828,299.9739570617676,155.94040489196777,262.1018346800858,155.16664786719105,0.0,-1.9023775751788226,0.3357,0.307,0,-2.74,7.16,11.618307776427686,fixation
1772975136.94268,222.3287773132324,154.15199089050293,299.9417839050293,155.26572704315186,262.07323631489845,153.8933023303286,0.0,0.0,0.3532,0.3133,0,-2.43,6.94,10.300752007825787,fixation
1772975137.009148,223.4401016235352,151.06263542175293,301.9819793701172,152.6690969467163,262.34441835406335,152.4004492218647,0.0,0.0,0.3554,0.3319,0,-2.5,6.24,22.827282021313316,fixation
1772975137.106719,224.55307388305664,146.1876983642578,302.11778259277344,148.1637668609619,262.84820338433104,150.71434384815143,0.0,0.0,0.3433,0.3222,0,-2.79,5.34,18.03564865204838,fixation
1772975137.220708,225.2122840881348,143.67994022369385,302.7792778015137,144.9065580368042,263.2962017489207,149.05947746595479,0.0,0.0,0.3131,0.3223,0,-3.93,3.69,15.040365735689562,fixation
1772975137.292418,225.1901893615723,143.12634086608887,302.8855209350586,144.91143608093262,263.42007029113614,147.60420197735908,0.0,0.0,0.3163,0.3172,0,-4.1,3.6,20.36724855276797,fixation
1772975137.424286,225.16781997680664,142.7035617828369,302.5915985107422,143.81240844726562,262.949125251401,146.52568575173083,0.0,0.0,0.3025,0.3179,0,-4.92,3.82,8.924496513789355,fixation
1772975137.5219,224.63193893432617,143.0042552947998,301.31867599487305,144.32839107513428,261.71119797928765,145.93822716004502,0.0,0.0,0.3277,0.3005,0,-4.57,3.96,14.037375383272316,fixation
1772975137.605786,221.55183029174805,145.08359813690186,298.2180862426758,145.02333068847656,259.71060527640566,145.90491172319747,0.0,0.0,0.3171,0.3218,0,-6.11,4.61,23.85221116273196,fixation
1772975137.716678,215.69595336914065,149.66028499603271,292.2498359680176,146.26561546325684,257.0277903459314,146.45179867506027,0.0,0.0,0.3051,0.3107,0,-7.19,4.86,24.690627070075834,fixation
1772975137.822938,210.22893142700195,152.5148105621338,285.8532409667969,148.14099597930908,253.91247899959245,147.4573733172636,0.0,0.0,0.303,0.3183,0,-9.07,5.09,30.807274933058533,other
1772975137.919153,205.7432746887207,153.7047643661499,281.46409606933594,149.27626419067383,250.63882171112476,148.64900406848346,0.0,0.0,0.3017,0.3044,0,-9.49,5.05,36.20841831498551,other
1772975138.013688,201.8962516784668,156.03628063201904,278.01070404052734,149.73149585723877,247.4490629368405,149.8108917822739,0.0,0.0,0.3271,0.3207,0,-10.2,5.01,35.91027510296103,other
1772975138.102944,200.74164199829104,156.47288131713867,276.823844909668,149.7482099533081,244.69216259035022,150.86804454282876,0.0,0.0,0.3258,0.3287,0,-9.87,4.81,33.08062591594992,other
1772975138.221103,200.9095497131348,155.8333797454834,276.41751861572266,150.09696006774902,242.72841626427544,151.72742732468447,0.0,0.0,0.3179,0.3297,0,-9.52,4.89,18.141287638741588,fixation
1772975138.318929,201.96666717529297,155.80091857910156,277.8516044616699,150.44976425170898,241.8149582059695,152.37557356218463,0.0,0.0,0.3211,0.3332,0,-10.14,4.59,11.449351144767668,fixation
1772975138.405377,204.14249420166016,155.62554931640625,280.1332397460937,150.24414539337158,242.00623712191395,152.8239430012494,0.0,0.0,0.3189,0.3284,0,-10.7,4.78,5.638834056072181,fixation
1772975138.502094,206.5344581604004,155.23069953918457,282.6571807861328,150.4219207763672,243.12492685782263,153.20841038893388,0.0,0.0,0.325,0.32,0,-10.49,5.15,12.230642036793498,fixation
1772975138.628617,208.8394660949707,155.36154556274414,285.13219451904297,151.05226707458496,244.8867882637337,153.56684963563566,0.0,0.0,0.3061,0.3345,0,-9.52,5.3,14.210479959637166,fixation
1772975138.720492,213.08686447143555,155.4096965789795,290.28744888305664,152.72176265716553,247.03438675337367,153.88717663389954,0.0,0.0,0.3051,0.3078,0,-8.81,5.4,23.63385296829644,fixation
1772975138.807502,216.0288124084473,155.6923942565918,293.3669738769531,154.13162326812744,249.27478745595596,154.1819314176321,0.0,0.0,0.3074,0.3147,0,-5.78,5.95,25.97061512020785,fixation
1772975138.910005,217.1562156677246,156.20258331298828,295.05107498168945,155.11480808258057,251.44130825105708,154.40544951507985,0.0,0.0,0.3195,0.3275,0,-5.32,6.41,21.24834452826007,fixation
1772975139.023785,217.9090156555176,155.93872547149658,295.6741523742676,155.25194835662842,253.39530499985509,154.52130312817832,0.0,0.0,0.3327,0.3082,0,-4.53,6.99,17.20361994429709,fixation
1772975139.113518,218.2942237854004,156.216796875,296.3298988342285,154.9077186584473,255.0784147625537,154.5013285330024,0.0,0.0,0.3181,0.3105,0,-5.52,6.5,18.758209743668466,fixation
1772975139.206358,218.7982444763184,154.2674617767334,296.3893585205078,153.53515148162842,256.4401592235946,154.35073901540324,0.0,0.0,0.333,0.318,0,-3.68,6.15,14.757069479653866,fixation
1772975139.303412,219.2182655334473,153.3491792678833,297.2966194152832,152.96560192108154,257.4351676815785,154.06539292888732,0.0,0.0,0.3282,0.3178,0,-5.01,5.77,10.665356494663653,fixation
1772975139.423194,219.6860198974609,152.4462718963623,297.4229393005371,152.52126502990723,258.0439064434115,153.66618559099123,0.0,0.0,0.347,0.3181,0,-3.98,5.63,6.077396109968543,fixation
1772975139.517849,220.74287033081052,151.67403316497803,298.0611915588379,152.1354160308838,258.40594041054624,153.20789708940868,0.0,0.0,0.3247,0.317,0,-4.32,6.17,6.17014236900523,fixation
1772975139.606526,220.8632583618164,151.86369037628174,298.34345626831055,151.79515743255615,258.6223190842621,152.75926458078732,0.0,0.0,0.3183,0.3141,0,-4.86,5.64,5.6168746750710135,fixation
1772975139.699313,220.79423904418945,151.80858421325684,298.47411346435547,151.4992733001709,258.71922512243833,152.3764443922376,0.0,0.0,0.34,0.3144,0,-3.69,5.7,4.255929211895547,fixation
1772975139.806377,220.07572555541992,152.24021244049072,297.3031196594238,152.08124542236328,258.74673883491386,152.10419047911336,0.0,0.0,0.3499,0.313,0,-3.64,5.78,2.555860173133558,fixation
1772975139.914625,218.83166885375977,152.03926849365234,297.3727798461914,151.88384342193604,258.7364211701536,151.9718599415719,0.0,0.0,0.3477,0.3155,0,-3.6,6.0,1.2261858157229426,fixation
1772975140.01628,219.01807403564453,151.92230415344238,297.04302978515625,151.93911838531494,258.70691886240695,151.9391416681665,0.0,0.0,0.3573,0.3113,0,-3.92,5.88,0.4333807611133932,fixation
1772975140.099814,218.8797721862793,152.10086059570312,297.3710250854492,151.92327404022217,258.6689620656529,151.98052799170992,0.0,0.0,0.3474,0.3064,0,-3.64,6.48,0.6722585102300546,fixation
1772975140.225465,219.12461853027344,152.34685134887695,297.58958435058594,151.91865062713623,258.6352455647423,152.07279876655986,0.0,0.0,0.3462,0.3087,0,-3.43,6.1,0.7818312080919355,fixation
1772975140.311721,219.17963027954104,152.25710678100586,297.9158515930176,152.03912544250488,258.6460876031033,152.19431400294926,0.0,0.0,0.3598,0.3068,0,-3.56,5.94,1.4143702748385767,fixation
1772975140.41648,219.9525604248047,152.91641807556152,298.8370742797852,152.3291244506836,258.6869689653508,152.32455941020876,0.0,0.0,0.3237,0.3134,0,-3.81,6.07,1.303092412454824,fixation
1772975140.511436,220.5212364196777,152.8940134048462,298.2003936767578,152.46671676635742,258.7568201767467,152.46638998263205,0.0,0.0,0.3538,0.3147,0,-3.02,6.08,1.6649661721621554,fixation
1772975140.636976,219.97645950317383,153.1607494354248,298.5118408203125,152.99288177490234,258.8122061956692,152.63100098936192,0.0,0.0,0.3394,0.3142,0,-3.68,6.23,1.3834552636440742,fixation
1772975140.70645,219.85272216796875,153.0182704925537,297.76734924316406,152.981125831604,258.831868310212,152.79973458125139,0.0,0.0,0.3553,0.3178,0,-3.12,5.86,2.4451645608317985,fixation
1772975140.81766,219.4693069458008,153.32526397705078,298.20831298828125,153.09980964660645,258.8135155808985,152.94621440207675,0.0,0.0,0.324,0.3218,0,-3.32,6.78,1.327442896247854,fixation
1772975140.906475,219.21127319335935,153.55246353149414,297.8249969482422,153.09929752349854,258.7796806364974,153.06754415696307,0.0,0.0,0.3391,0.3126,0,-3.49,6.39,1.4182199921965253,fixation
1772975141.023917,218.80565643310547,153.23687839508057,297.39648818969727,153.26519966125488,258.7457713556534,153.1669010003734,0.0,0.0,0.3385,0.3056,0,-3.5,6.31,0.8939221694037679,fixation
1772975141.117212,218.80052185058597,153.87458610534668,297.9357185363769,153.384747505188,258.7126183943534,153.2524309870975,0.0,0.0,0.331,0.3184,0,-4.02,6.45,0.9832303368726575,fixation
1772975141.215321,219.0445899963379,153.3566837310791,298.232967376709,153.31446933746338,258.72434863237424,153.33562355243822,0.0,0.0,0.3434,0.3203,0,-3.44,6.13,0.8563483194722467,fixation
1772975141.320524,219.77687454223636,153.4279203414917,298.0809440612793,153.32584762573242,258.76229190031717,153.41797904709944,0.0,0.0,0.3424,0.3224,0,-3.46,6.4,0.8619143567904574,fixation
1772975141.414192,219.724853515625,153.03889274597168,298.45548248291016,153.56751823425293,258.8099019279962,153.48513582877297,0.0,0.0,0.3624,0.3205,0,-3.3,6.4,0.8788595918061403,fixation
1772975141.518793,219.96450805664065,153.77404117584229,298.7471389770508,153.55201721191406,258.77284786943767,153.39175954493155,0.0,0.0,0.3201,0.3136,0,-3.43,6.65,0.9604064294291048,fixation
1772975141.61591,219.6621131896973,153.90960788726807,298.573917388916,153.84889698028564,258.7708338531306,153.4953217063931,0.0,0.0,0.3342,0.3241,0,-3.34,6.48,1.06656712684574,fixation
1772975141.712919,219.56742477416992,154.35205078125,298.06668853759766,153.73854732513428,258.78124295303013,153.68413626170704,0.0,0.0,0.3316,0.3149,0,-3.71,6.75,1.9493177716678933,fixation
1772975141.824434,219.2488441467285,154.0419960021973,297.9671325683594,153.58654689788818,258.7849438714446,153.82632025219945,0.0,0.0,0.323,0.3109,0,-3.32,6.99,1.2754525443208808,fixation
1772975141.916991,218.84597778320312,153.9033136367798,297.3858757019043,153.75542163848877,258.7661733633149,153.9623295084414,0.0,0.0,0.3278,0.3181,0,-3.04,6.74,1.4833936478438414,fixation
1772975142.024532,218.68338012695312,153.8570737838745,297.3163146972656,153.21016216278076,258.74469345543145,154.26903530660758,0.0,0.0,0.3336,0.3165,0,-2.94,6.95,2.858972872323358,fixation
1772975142.098769,218.81884765625,154.3875217437744,297.063289642334,153.82184886932373,258.7260157919918,154.6077702529924,0.0,0.0,0.3247,0.2871,0,-3.22,6.6,4.569824867553682,fixation
1772975142.304565,219.25750350952148,155.2362985610962,299.10727310180664,155.62449645996094,258.69256347448015,154.88686346999432,0.0,0.0,0.296,0.2488,0,-2.45,6.21,1.3658714104016525,fixation
1772975142.396984,219.41122817993164,153.63566207885742,298.2550468444824,153.71755027770996,258.6224412175613,155.0171716137641,0.0,0.0,0.3293,0.2967,0,-3.24,6.29,1.6011563975762528,fixation
1772975142.511323,219.3712387084961,154.1216869354248,298.1227264404297,153.83113861083984,258.53807079328635,155.03530359870732,0.0,0.0,0.3375,0.289,0,-3.09,6.6,0.754745910212588,fixation
1772975142.725483,218.82220840454104,153.94376850128174,296.7341728210449,153.62284755706787,258.44375070674727,155.01875992629954,0.0,0.0,0.3242,0.2806,0,-2.54,6.18,0.44714225461210144,fixation
1772975142.910821,218.1482696533203,154.71114349365234,296.6475296020508,155.1232395172119,258.33380762111204,155.01184280223393,0.0,0.0,0.3101,0.2529,0,-2.55,6.32,0.5943759822760529,fixation
1772975143.013578,218.69100189208984,153.19995403289795,296.8345642089844,152.89097785949707,258.2109733143052,154.99386169937503,0.0,0.0,0.328,0.2933,0,-1.94,6.43,1.2081263629575605,fixation
1772975143.124505,217.8168487548828,153.16712951660156,296.701229095459,152.95267295837402,258.08531447698556,154.9685257995209,0.0,0.0,0.3374,0.3096,0,-3.56,6.47,1.155601804509624,fixation
1772975143.202465,217.98083114624023,153.568190574646,296.52083587646484,152.91784858703613,257.954482752016,154.93612440760836,0.0,0.0,0.3363,0.3038,0,-3.14,6.64,1.7288893262987288,fixation
1772975143.312164,219.99948120117188,155.56543064117432,296.4651870727539,155.63170909881592,257.9678756349712,155.18382869998504,0.0,0.0,0.3054,0.2696,0,-2.82,6.02,2.26133389560848,fixation
1772975143.430524,219.40391540527344,156.56139850616455,297.2163200378418,157.1273431777954,258.0599805789798,155.46973640277417,0.0,0.0,0.2723,0.2691,0,-2.43,6.5,2.5378270816332096,fixation
1772975143.519855,219.66437911987305,156.71446895599365,297.4115409851074,157.38658618927002,258.24449719326145,155.70942701129417,0.0,0.0,0.2884,0.263,0,-2.66,6.53,3.386132595617487,fixation
1772975143.601232,220.16259002685547,156.00743865966797,298.24501037597656,157.04907989501953,258.53380474050795,155.97663043868073,0.0,0.0,0.2838,0.279,0,-3.03,6.36,4.839485647865264,fixation
1772975143.719015,220.4158744812012,156.46945095062256,298.5042190551758,157.71197605133057,258.908807369513,156.3928258967042,0.0,0.0,0.2764,0.2733,0,-2.49,6.51,4.756374633134473,fixation
1772975143.806431,220.896484375,156.05598735809326,298.61601638793945,157.1632261276245,259.32314867068123,156.68549597303334,0.0,0.0,0.2896,0.267,0,-2.42,6.29,5.803062018099963,fixation
1772975143.900949,221.25482177734372,156.36135005950928,299.56509017944336,157.15071773529053,259.75898200720707,156.78034189931532,0.0,0.0,0.2936,0.274,0,-2.74,6.14,4.7190417247172105,fixation
1772975144.015919,221.70267868041992,155.7126989364624,299.5314483642578,156.94747066497803,260.19846074228604,156.6030649071981,0.0,0.0,0.2886,0.2823,0,-2.53,6.48,4.12183108155167,fixation
1772975144.12803,222.4569091796875,153.7804126739502,300.32476806640625,154.36267948150635,260.6237382391139,156.0793662283297,0.0,0.0,0.3225,0.3028,0,-3.23,6.28,6.017484470643344,fixation
1772975144.194011,222.5074348449707,153.35203456878662,301.3895454406738,154.12612438201904,261.01696786088615,155.134947094358,0.0,0.0,0.3165,0.3194,0,-3.03,6.67,15.50469193758269,fixation
1772975144.318784,222.1901588439941,153.08541584014893,300.9945259094238,153.71197700500488,261.36030297079844,153.69550873693112,0.0,0.0,0.3242,0.313,0,-2.94,6.07,11.860080754811413,fixation
