timestamp,left_iris_x,left_iris_y,right_iris_x,right_iris_y,iris_center_x,iris_center_y,gaze_screen_x,gaze_screen_y,left_ear,right_ear,blink,head_yaw,head_pitch
1773344241.867473,267.9937934875488,145.31889152526855,347.864990234375,148.87600135803223,307.67088932564485,147.12591784548704,,,0.2579,0.3136,0,4.4,4.63
1773344241.979357,267.79184341430664,145.4241600036621,347.6023712158203,148.9717082977295,307.6813765214123,147.15472436757057,,,0.2844,0.3104,0,5.93,5.0
1773344242.084725,266.8402328491211,145.32541751861572,346.2574691772461,148.56173515319824,307.22836631812083,147.07026515490514,,,0.2877,0.3258,0,4.82,5.44
1773344242.173914,266.25358963012695,145.05438709259033,345.7902374267578,148.97268104553223,306.74578520224946,147.0475727205676,,,0.2823,0.325,0,5.05,5.31
1773344242.268119,265.09059143066406,145.60559749603271,344.52237701416016,149.10696029663086,305.9700648103145,147.17105519087326,,,0.2849,0.3373,0,4.0,5.19
1773344242.411436,264.5294609069824,145.76710510253906,344.3139953613281,149.00066757202148,305.35073013985084,147.25618764943607,,,0.2797,0.3236,0,4.18,5.1
1773344242.507003,264.3375053405762,145.9610424041748,343.9906539916992,149.7006711959839,304.8760699503656,147.48605530969337,,,0.2787,0.3262,0,3.63,5.49
1773344242.606984,264.7472953796387,147.24237155914307,343.59932708740234,150.1675386428833,304.59496646362754,147.97361522622128,,,0.2874,0.3359,0,4.08,5.05
1773344242.728282,264.3019027709961,148.35329246520996,343.62327575683594,151.5560073852539,304.3420155837429,148.76602910582554,,,0.257,0.3357,0,4.17,5.14
1773344242.811315,263.73543548583984,148.88768863677979,343.7907180786133,151.62082386016846,304.11044006313637,149.36131996288498,,,0.2513,0.3255,0,4.18,5.16
1773344242.887286,263.1424217224121,149.38265132904053,343.49776458740234,152.09522151947021,303.79430129984473,149.91236654743312,,,0.2585,0.3156,0,4.04,5.26
1773344242.958401,263.51412200927734,148.68582344055176,342.74105072021484,152.54157257080078,303.5276153258053,150.19289913073038,,,0.2693,0.3157,0,4.58,4.98
1773344243.148254,263.64850997924805,148.14798831939697,342.570068359375,152.15166091918945,303.36028486320777,150.17566932615551,,,0.2735,0.3241,0,4.25,5.06
1773344243.236259,262.3658981323242,148.05795192718506,341.9797821044922,151.35898876190186,302.88530696528795,149.98878973351069,,,0.2847,0.3184,0,3.49,5.41
1773344243.39299,257.3950843811035,146.2096939086914,337.2157974243164,150.27938175201416,300.65336054025676,149.29108897224754,,,0.2793,0.2939,0,2.95,5.16
1773344243.481101,253.89175415039062,145.27835083007812,333.7447052001953,148.25600910186768,297.91930819427125,148.28152536973766,,,0.3003,0.3097,0,0.84,4.27
1773344243.589394,252.3670997619629,145.07986736297607,331.5801239013672,147.90611171722412,295.5410296492288,147.56611103788265,,,0.3195,0.31,0,0.78,5.23
1773344243.676715,250.27023315429688,144.52349853515625,330.032470703125,146.66604709625244,293.3851585610216,146.77757574901133,,,0.3264,0.3175,0,0.01,5.22
1773344243.828179,249.55696868896484,144.27002334594727,329.4130630493164,146.9963550567627,291.8251014842692,146.3198211299488,,,0.3006,0.3245,0,-2.11,4.96
1773344243.992819,247.0951805114746,144.27564239501953,327.610538482666,146.77382469177246,290.0362046893897,146.00178609532767,,,0.3358,0.3113,0,-0.64,5.78
1773344244.122618,245.20863342285156,144.01402187347412,325.0391159057617,145.54827117919922,288.0712726793565,145.51353026773126,,,0.3162,0.3037,0,-1.88,4.86
1773344244.193655,243.30630493164062,145.042573928833,323.1181297302246,145.6840009689331,286.127650539987,145.45343314019198,,,0.335,0.3064,0,-0.38,4.88
1773344244.320449,242.30423736572266,145.20831871032715,322.54766845703125,146.1018991470337,284.64697148854293,145.53410345558734,,,0.3067,0.3133,0,-2.47,4.76
1773344244.496588,241.95525741577148,144.44520950317383,321.49875259399414,144.44940090179443,283.4789848950789,145.09938415434607,,,0.3174,0.3123,0,-1.61,5.43
1773344244.620944,242.20307540893555,142.9415044784546,320.97460556030273,142.10660362243652,282.72292713089496,144.06925211278588,,,0.3034,0.3061,0,0.43,5.07
1773344244.753042,239.93828964233398,142.78315830230713,318.3856010437012,141.46814918518066,281.29853441574403,143.29181276516908,,,0.311,0.3078,0,0.22,5.51
1773344244.90381,238.56183624267578,144.9078712463379,317.83060455322266,141.70693016052246,280.0576088086261,143.2980479404735,,,0.3086,0.3078,0,0.67,5.72
1773344245.058023,232.38902282714844,146.15881061553955,311.3493347167969,141.84536361694336,276.7822367939647,143.5796636107807,,,0.3467,0.2955,0,-0.29,5.07
1773344245.164634,226.15912246704102,144.95352458953857,305.0949897766113,138.44282627105713,272.3201645251093,142.82706833858757,,,0.3206,0.2973,0,-0.46,3.82
1773344245.279311,222.26134490966797,143.5964641571045,300.30373764038086,135.36240577697754,267.90511522507535,141.48801498996895,,,0.3135,0.2902,0,-1.0,2.96
1773344245.380342,223.20276260375977,143.2271318435669,301.9498481750488,134.9203691482544,265.77359129080696,140.52230919234563,,,0.3214,0.2865,0,-2.25,4.35
1773344245.503111,225.72648239135742,141.1272954940796,304.12823486328125,133.67381286621094,265.43509822541193,139.27360718746547,,,0.3255,0.2894,0,-1.61,4.36
1773344245.700532,232.87736129760742,140.25100421905518,311.73474502563477,132.92697429656982,268.1834801998956,138.19976001560428,,,0.3388,0.286,0,-1.09,4.03
1773344245.802666,240.84615325927734,140.52676105499268,321.50627517700195,136.15789031982422,273.3805738071932,138.25678628432593,,,0.323,0.284,0,-1.11,4.27
1773344245.926714,248.96613311767578,143.6059684753418,329.48948669433594,141.85207843780518,279.71946824671824,140.04568115322496,,,0.2609,0.2699,0,-0.86,5.2
1773344245.999431,250.64002990722656,142.70151042938232,332.03546142578125,142.48826694488525,284.3667792146325,141.0653641667885,,,0.2645,0.2894,0,-1.5,4.92
1773344246.185063,250.11190795898438,141.01152420043945,330.1310348510742,143.07811546325684,286.6686560907913,141.45714643281235,,,0.259,0.3025,0,-0.18,3.89
1773344246.318498,245.51419830322266,140.55732536315918,326.1825485229492,141.81621551513672,286.3405430197091,141.3489960353466,,,0.2875,0.2994,0,-2.65,3.8
1773344246.395213,243.42122268676758,141.18429851531982,323.8947525024414,142.42246627807617,285.2675208496673,141.53075057988718,,,0.2998,0.302,0,-2.09,5.05
1773344246.528955,250.70586395263672,140.56897830963135,331.1657257080078,143.04594326019287,287.5348304419293,141.64143466189716,,,0.281,0.3113,0,-1.45,5.66
1773344246.606953,258.6775665283203,139.7682809829712,338.9187545776367,143.35494804382324,292.040162486349,141.6095066024972,,,0.2954,0.3139,0,3.6,5.78
1773344246.765117,261.9951934814453,140.2740182876587,341.18663024902344,144.03828048706055,295.86046223790316,141.82816371644216,,,0.2939,0.3181,0,4.49,4.76
1773344246.8866,263.9188995361328,139.52709674835205,343.23587799072266,144.94659805297852,298.947232848113,141.9916371901314,,,0.2791,0.3067,0,5.34,4.74
1773344247.034914,264.9858589172363,140.8981819152832,343.23555755615234,145.58575057983398,301.0126230035455,142.49176881310228,,,0.2713,0.3104,0,6.3,4.47
1773344247.177881,264.7241325378418,140.34494018554688,343.9048767089844,145.44647598266602,302.33337565149253,142.65334452150393,,,0.2739,0.302,0,6.47,4.57
1773344247.338473,266.72710037231445,139.5197467803955,345.9079284667969,144.8885679244995,303.9270311587178,142.47366965388136,,,0.2861,0.313,0,6.43,3.0
1773344247.441034,267.32775497436523,136.13731384277344,345.84708404541016,142.40661334991455,304.99118649918574,141.19298723086644,,,0.2859,0.3027,0,9.23,2.58
1773344247.51733,266.56593322753906,135.08775329589844,345.1504592895508,140.9193820953369,305.3379904029294,139.91721941676693,,,0.3083,0.301,0,9.57,2.78
1773344247.641566,267.86444091796875,134.5764856338501,344.83097076416016,140.0935935974121,305.74187657818345,138.88434749631259,,,0.2888,0.3059,0,8.69,2.92
1773344247.748978,266.51679611206055,130.48126316070557,343.68157958984375,135.54609775543213,305.4848010872909,136.5360806810151,,,0.2803,0.2855,0,11.33,1.66
1773344247.903356,260.8954162597656,129.3288230895996,338.1204071044922,133.63708591461182,303.0940453252261,134.51483020945136,,,0.2095,0.2399,0,9.61,1.47
1773344247.974664,261.5547332763672,127.19594764709473,338.37139892578125,131.88443183898926,301.8416536355653,132.52497402288762,,,0.2533,0.2773,0,9.33,1.2
1773344248.084933,262.41897201538086,128.05882358551025,339.1507339477539,133.28312873840332,301.4189333739661,131.78337487851527,,,0.2726,0.2984,0,8.91,1.93
1773344248.174549,262.8284797668457,127.7380428314209,338.7258987426758,132.76809310913086,301.16223572628394,131.17125211521952,,,0.2852,0.3058,0,8.89,2.43
1773344248.247083,263.22673416137695,126.68931770324707,338.2528381347656,131.79163455963135,300.9932558949989,130.3989417217074,,,0.2889,0.2957,0,9.94,2.45
1773344248.33376,262.3565559387207,123.55328178405762,337.5952606201172,129.57541751861572,300.58631684876696,128.8651048935591,,,0.3027,0.2935,0,10.24,1.77
1773344248.404504,260.31364822387695,123.57234764099121,335.52904510498047,129.4901304244995,299.52032877503166,127.93155854923361,,,0.2813,0.3135,0,11.57,1.0
1773344248.532516,259.04891204833984,122.98203563690186,333.7264099121094,128.41091537475586,298.26726165710886,127.0375253318717,,,0.2896,0.296,0,12.17,1.52
1773344248.704479,258.650577545166,122.97996139526367,333.6871795654297,128.53974151611328,297.42790841638447,126.52645578139843,,,0.2753,0.2979,0,11.83,1.42
1773344248.78115,255.32480239868164,124.31665134429932,331.5350036621094,129.62243843078613,295.8287062619889,126.70369142385614,,,0.2572,0.3079,0,10.55,0.81
1773344248.8865,254.74596786499023,125.81783151626587,330.24779510498047,130.29711627960205,294.49597635118744,127.24520441348727,,,0.2689,0.2979,0,10.53,1.76
1773344249.031116,254.02654266357422,125.36971092224121,328.98628997802734,130.94937229156494,293.3001523390328,127.6109392908536,,,0.2706,0.2805,0,10.57,1.83
1773344249.167376,253.98936462402344,126.40788173675537,329.294921875,131.5718593597412,292.6369487032244,128.16251179381146,,,0.286,0.2967,0,9.99,2.21
1773344249.294753,255.09045791625977,127.47421646118164,330.44205474853516,132.4551944732666,292.6886717548936,128.88338926317653,,,0.3048,0.2931,0,9.13,2.96
1773344249.470423,256.2731628417969,127.34695529937744,331.65357971191406,132.17494583129883,293.1985515636784,129.23441378404118,,,0.2767,0.3077,0,9.28,2.55
1773344249.566221,257.2732162475586,128.51377487182617,333.16503143310547,133.946608543396,294.00678047433985,130.03272495346914,,,0.309,0.31,0,8.98,2.78
1773344249.757864,256.4612617492676,129.46607494354248,333.401611328125,134.4195442199707,294.3766429000824,130.79675880478413,,,0.2887,0.3002,0,8.8,3.07
1773344249.926036,261.2317771911621,135.04131603240967,338.5606384277344,139.21492195129395,296.58446886382876,133.3293028796112,,,0.2568,0.3119,0,10.52,4.59
1773344250.053066,283.0778617858887,147.7285566329956,358.44200897216797,152.60931015014648,306.2546554699086,140.06515508439514,,,0.2925,0.3392,0,15.03,8.91
1773344250.153009,287.26667404174805,151.74471187591553,363.4996337890625,156.64572143554688,313.90605484810726,145.71717971292958,,,0.285,0.3383,0,20.25,4.54
1773344250.237754,282.6077537536621,149.32105922698975,359.43678283691406,154.39573860168457,316.7525402269796,148.17366739349262,,,0.2709,0.3214,0,19.98,8.23
1773344250.393541,277.8216133117676,149.93491744995117,355.34891510009766,155.13362789154053,316.68562981856076,149.9179095043939,,,0.3359,0.3331,0,15.34,14.23
1773344250.50096,279.6019706726074,151.98873138427734,356.985595703125,157.54999351501465,317.3288911662829,151.85849068249473,,,0.3275,0.3047,0,16.42,11.38
1773344250.577654,283.7202262878418,153.93517398834229,362.1070251464844,158.7081069946289,319.562784986635,153.6437506060911,,,0.2992,0.3213,0,21.11,6.68
1773344250.691257,284.343807220459,154.80763149261475,362.21614837646484,159.5211696624756,321.04966211136576,155.0520105946727,,,0.3155,0.3235,0,20.05,8.54
1773344250.861837,280.43019104003906,152.5338363647461,357.59957122802734,157.51034832000732,320.23574972043275,155.0400432937543,,,0.3232,0.3277,0,15.1,11.77
1773344251.019887,271.1939353942871,152.19450759887695,349.55579376220703,155.9000473022461,316.2913956635585,154.6429369564772,,,0.3294,0.348,0,11.24,9.19
1773344251.122611,263.02155685424805,150.47284698486328,341.64241790771484,154.7629108428955,310.70763235052766,153.83291373943808,,,0.3317,0.3145,0,9.16,6.84
1773344251.25961,259.2938041687012,150.1652956008911,338.60994720458984,152.63335132598877,306.0053296849748,152.85947762903882,,,0.3193,0.3332,0,9.1,6.35
1773344251.365024,260.9412956237793,148.79660511016846,340.9502944946289,152.051007270813,303.98151583466654,151.88520905361958,,,0.2819,0.3153,0,9.2,6.44
1773344251.457813,265.1833305358887,147.1871452331543,345.96241760253906,152.82208728790283,304.61805912848547,151.13297193638317,,,0.2923,0.3041,0,9.3,6.4
1773344251.582734,266.00982666015625,147.06104278564453,346.83467864990234,150.90959072113037,305.339736539103,150.27390986318488,,,0.2974,0.3043,0,6.5,5.98
1773344251.729461,266.06682205200195,145.16097450256348,347.20325469970703,148.30470085144043,305.8578572738036,148.8574809887117,,,0.2767,0.298,0,6.73,4.65
1773344251.80346,267.25786209106445,142.5882396697998,347.8851852416992,146.09994220733643,306.5433238308349,147.05212496865425,,,0.283,0.335,0,5.54,4.56
1773344251.980608,267.9439353942871,142.45874118804932,348.3246154785156,146.40841484069824,307.17970447306146,146.0047061869421,,,0.2795,0.3057,0,6.21,4.02
1773344252.100265,268.84926986694336,140.57566452026367,349.78128814697266,145.19628810882568,308.0339342866201,144.75721423798313,,,0.294,0.3251,0,5.91,3.71
1773344252.215724,267.5359573364258,139.79082870483398,347.0888671875,144.74468994140625,307.7453254767572,143.76143227203792,,,0.283,0.3107,0,6.01,4.17
1773344252.299404,265.8696060180664,139.0484104156494,345.2563781738281,143.3142385482788,306.8723921244332,142.72938915600838,,,0.2844,0.3023,0,6.78,2.94
1773344252.389359,264.34478759765625,138.78306198120117,343.79920959472656,142.86795043945312,305.75223471313643,141.9678359777359,,,0.2866,0.3153,0,6.09,2.55
1773344252.467772,263.6153450012207,138.89476776123047,342.45445251464844,143.06683731079102,304.66530033105573,141.57302260104584,,,0.2975,0.3156,0,6.16,3.97
1773344252.564733,261.03271484375,139.02795696258545,341.44146728515625,142.88843536376953,303.29401662441467,141.3270920258985,,,0.2852,0.3211,0,7.23,3.78
1773344252.648378,254.47902297973633,139.55834484100342,335.9590759277344,142.31156730651855,300.06402975614293,141.1702376450435,,,0.3036,0.3116,0,4.82,3.91
1773344252.737163,252.29365158081055,139.39888858795166,332.7744674682617,142.29462432861328,297.05204166350023,141.04084517033908,,,0.3112,0.3169,0,1.57,4.08
1773344252.825087,250.64756393432617,139.24393558502197,330.0222396850586,142.44368362426758,294.3651857219771,140.96203094406138,,,0.3318,0.3078,0,1.29,3.77
1773344252.918685,248.93474197387695,139.45428371429443,329.08531951904297,142.17282485961914,292.2231237317703,140.90264028121953,,,0.3272,0.3088,0,0.8,3.66
1773344253.002583,249.77258682250977,140.17969608306885,329.37657165527344,142.91150093078613,291.1637059346188,141.15982357150273,,,0.3275,0.311,0,-0.33,3.76
1773344253.135171,249.61397171020508,139.74505233764648,329.6606674194336,143.1587734222412,290.553151386699,141.27665929487918,,,0.3281,0.314,0,1.46,4.1
1773344253.255102,249.8648223876953,141.37226486206055,329.72740936279297,144.39909839630127,290.25033718211705,141.92026822859987,,,0.3297,0.3225,0,0.12,4.33
1773344253.404983,249.7321548461914,142.89425468444824,329.40679931640625,146.12188339233398,289.97799314178974,142.95538855251635,,,0.3377,0.3008,0,0.31,5.02
1773344253.540496,249.3311767578125,143.42443656921387,328.86997985839844,146.87857818603516,289.627027208316,143.83383608255963,,,0.3345,0.3255,0,-0.11,5.33
1773344253.627183,249.30362701416016,143.52812576293945,329.7161865234375,147.1649751663208,289.58017903250914,144.43892183538782,,,0.2988,0.3209,0,1.25,6.04
1773344253.737065,251.18260955810547,143.13122463226318,331.9586868286133,146.96970748901367,290.37636669684923,144.68353952548807,,,0.3261,0.2879,0,1.9,5.05
1773344253.843338,254.58327102661133,144.78809452056885,336.1487350463867,147.13632774353027,292.3722212327092,145.19500816811268,,,0.1998,0.2692,0,2.44,5.15
1773344253.941854,260.6682891845703,141.45391845703125,339.00341033935547,144.96835041046143,295.3576726444107,144.40145867436615,,,0.2663,0.3058,0,4.26,4.35
1773344254.053216,259.76233673095703,139.70081233978271,338.6307601928711,144.36417388916016,296.893222971412,143.45387245040826,,,0.2642,0.3205,0,6.09,4.73
1773344254.218903,261.6077346801758,138.65063667297363,339.3384475708008,143.1216917037964,298.3251702330425,142.42678914559895,,,0.2879,0.3125,0,6.79,4.42
1773344254.319763,266.2432441711426,138.7672176361084,344.6068801879883,144.07018089294434,301.16512701165163,142.0235531931699,,,0.2908,0.3065,0,8.06,5.06
1773344254.409491,271.60964584350586,138.66243267059326,349.9370651245117,145.93660926818848,305.0084184005945,142.13394030365828,,,0.295,0.3196,0,8.85,4.61
1773344254.534828,273.2303123474121,138.89148902893066,351.77561950683594,146.7451229095459,308.0062374112063,142.40768656989027,,,0.3098,0.3071,0,8.46,4.97
1773344254.65375,273.29167556762695,139.5368070602417,352.69610595703125,147.19246101379395,310.00129875165544,142.79046555674128,,,0.3029,0.3164,0,8.71,4.17
1773344254.793928,272.9886932373047,139.13933944702148,352.29161834716797,145.58014297485352,311.0568415678878,142.6181758184198,,,0.2747,0.3175,0,7.37,3.61
1773344254.930241,269.563663482666,139.59920597076416,349.05775451660156,144.82271575927734,310.3583885405862,142.45528983706018,,,0.2768,0.3114,0,6.0,4.34
1773344255.073286,263.91073989868164,141.37561225891113,344.00856018066406,145.28252792358398,307.79889314022086,142.80480193873512,,,0.2834,0.3016,0,4.39,4.49
1773344255.230618,255.25242233276367,143.29335594177246,337.28282928466797,146.02645683288574,303.18638620761885,143.54684371817274,,,0.3183,0.3408,0,3.44,5.45
1773344255.368692,253.83998489379883,144.7771511077881,336.1629943847656,148.67995262145996,299.9124275802842,144.81952697675325,,,0.3324,0.3016,0,1.4,5.54
1773344255.472999,253.15790176391602,145.52493381500244,334.39939880371094,149.8292942047119,297.4589166616959,145.96256178999482,,,0.3261,0.3211,0,1.35,5.25
1773344255.687804,252.10458755493164,146.9897346496582,333.19581604003906,151.53686714172363,295.5354307160117,147.28285743227326,,,0.3235,0.3221,0,0.08,5.65
1773344255.84807,245.62493515014648,148.6169672012329,327.8612289428711,152.1095952987671,292.0184912482105,148.51502695936395,,,0.3537,0.3143,0,0.71,6.66
1773344255.935492,245.66881561279297,150.54121112823486,327.15954208374023,152.37168216705322,289.776766288233,149.69159483467598,,,0.3416,0.3145,0,-1.48,6.25
1773344256.014988,245.1494483947754,149.11510562896729,326.4655456542969,150.9948377609253,288.1890585827542,149.8369455787841,,,0.3296,0.3132,0,-0.32,6.08
1773344256.078516,245.87041854858398,147.91924953460693,327.1675338745117,150.01584720611572,287.5210256342717,149.48918669541501,,,0.3321,0.3103,0,0.26,6.15
1773344256.147145,246.58843612670898,147.862566947937,328.16075134277344,149.7488079071045,287.46245287445953,149.21578698825732,,,0.3189,0.3083,0,0.17,5.41
1773344256.245544,247.88949966430664,146.91081619262695,328.8821029663086,148.37949085235596,287.8317922507988,148.58753360195098,,,0.3115,0.306,0,-0.5,5.68
1773344256.345235,248.7807388305664,145.25911617279053,329.74076080322266,147.78122234344482,288.40337527723705,147.76058786441766,,,0.3191,0.3119,0,0.4,6.07
1773344256.468397,250.60229873657227,144.32953262329102,331.8581008911133,147.14981746673584,289.5341050918793,146.95222273665598,,,0.2968,0.3127,0,-0.46,6.3
1773344256.596397,251.12759399414062,145.95067977905273,334.39376068115234,147.66071033477783,290.8247339901862,146.8936116647597,,,0.2721,0.277,0,-0.23,6.01
1773344256.72799,261.47178649902344,143.86183834075928,340.77317810058594,148.6631898880005,294.9438333140336,146.64117264460776,,,0.2888,0.2924,0,0.57,5.82
1773344256.853477,265.5346336364746,144.64384746551514,345.8804397583008,148.47630786895752,299.24931466737524,146.60873465365918,,,0.277,0.3157,0,2.67,5.3
1773344256.993955,267.45419692993164,143.51367473602295,348.6832504272461,148.31775569915771,302.77707827186066,146.33152687923163,,,0.32,0.3268,0,2.55,4.96
1773344257.081123,269.08514404296875,142.56745147705078,349.01358795166016,147.43513870239258,305.2859933620422,145.79943416342763,,,0.2926,0.3093,0,5.79,4.9
1773344257.157037,269.16321563720703,141.36608219146729,349.4039840698242,147.07468700408936,306.88503595863153,145.1678143371679,,,0.3,0.3181,0,5.81,4.77
1773344257.315148,269.4824638366699,142.1879482269287,348.8005676269531,147.73747444152832,307.78762786790355,145.08577313599216,,,0.3137,0.3246,0,5.12,4.25
1773344257.395111,269.1293029785156,141.69068813323975,348.5802459716797,148.0823793411255,308.21448651078117,145.00607737646834,,,0.2983,0.3288,0,7.11,4.67
1773344257.469518,268.6992530822754,139.86064910888672,348.21800231933594,146.18380737304688,308.31214298679095,144.2125377222677,,,0.3066,0.3244,0,6.98,5.17
1773344257.55583,268.2614288330078,140.27682209014893,348.0737075805664,146.39879894256592,308.2543130747894,143.8626468399036,,,0.2813,0.3161,0,6.1,4.04
1773344257.667372,268.1294174194336,140.76979064941406,347.7358856201172,146.54651069641113,308.1256484527838,143.7808483731072,,,0.2946,0.3184,0,5.7,4.91
1773344257.767727,267.91930770874023,141.28538990020752,347.6762161254883,146.83476448059082,307.994493838516,143.892539900024,,,0.2984,0.3208,0,5.06,4.45
1773344257.915965,265.0111999511719,140.35921382904053,345.1419219970703,145.40513134002686,306.827320692758,143.48839297382787,,,0.3099,0.3403,0,3.42,4.79
1773344258.064865,253.80874633789062,131.14468574523926,331.70948791503906,133.16761779785156,301.20003926624076,138.95549649291488,,,0.2827,0.2943,0,-1.26,1.45
1773344258.180428,251.12621688842773,128.1522445678711,327.1698913574219,129.8414068222046,296.37924520891437,134.97202817376404,,,0.2797,0.2978,0,-0.22,1.44
1773344258.309889,249.71742630004883,128.23505973815918,326.44948959350586,129.69769191741943,293.0609303040595,132.56976723537414,,,0.2762,0.2996,0,1.21,2.12
1773344258.526684,250.7918472290039,127.0841474533081,327.31243896484375,129.3030309677124,291.45741542120527,130.81929602542857,,,0.317,0.2997,0,1.07,2.21
1773344258.691414,253.97294235229492,128.97444248199463,331.998291015625,132.24599075317383,292.06869592630716,130.73566426229084,,,0.3332,0.3054,0,3.39,2.48
1773344258.862235,256.09982681274414,130.6538028717041,334.23651123046875,133.96470737457275,293.3084851644269,131.36510060662988,,,0.3131,0.2912,0,3.37,2.76
1773344258.945259,262.99560928344727,131.69711780548096,341.64742279052734,136.57628345489502,296.91369751345104,132.47374061605313,,,0.2905,0.2848,0,3.6,3.19
1773344259.062135,263.34574127197266,133.04477977752686,342.1696472167969,137.2207546234131,299.25129620582453,133.53735124981986,,,0.3029,0.3004,0,4.84,4.07
1773344259.19354,263.43476486206055,134.4992036819458,342.4601058959961,138.51810264587402,300.72975187510605,134.72587201545588,,,0.2949,0.2914,0,6.24,3.63
1773344259.335596,261.4313735961914,132.85905361175537,339.6498718261719,137.43023014068604,300.6541002095363,134.8933799597618,,,0.2889,0.3196,0,8.49,2.64
1773344259.455149,259.5594711303711,132.51613426208496,339.02398681640625,137.50210762023926,300.10915171507725,134.93967635232192,,,0.2994,0.3057,0,9.03,3.06
1773344259.581398,264.3605842590332,134.3701686859131,343.19921112060547,139.6364336013794,301.5774501049741,135.76512626885165,,,0.2965,0.3285,0,8.57,3.17
1773344259.669841,264.5706253051758,135.12370777130127,343.77369689941406,141.86122226715088,302.61533450390243,136.85606176900143,,,0.3143,0.3103,0,9.38,3.82
1773344259.919169,265.34218978881836,137.88087558746338,344.1111526489258,144.5862636566162,303.4598691898903,138.60706491021676,,,0.2904,0.3086,0,9.33,3.72
1773344260.072608,263.45340728759766,144.58844375610352,343.2955627441406,150.24383926391602,303.4257155202818,142.13069555013396,,,0.2937,0.2862,0,6.73,5.6
1773344260.15919,265.30478286743164,144.96467399597168,346.13291931152344,151.00306606292725,304.34296974796007,144.47196534186017,,,0.2952,0.2969,0,6.63,5.16
1773344260.278365,267.71710205078125,145.09114837646484,347.7542190551758,151.40671634674072,305.70004606996747,145.98275214975723,,,0.2946,0.3129,0,7.2,5.13
1773344260.385345,268.45633697509766,145.1775827407837,348.2812728881836,151.30982780456543,306.7675496146367,146.88713339892416,,,0.3064,0.3114,0,7.66,4.96
